rank,ResNet18,MobileNetV3Large,Fusion_ResNet18_MobileNetV3Large
1,0.11124510099487489,0.11245100994874888,0.139282484172445
2,0.14350316551100392,0.15345191438046427,0.1784745251733494
3,0.1652095266807356,0.18269520651190835,0.20470304492010855
4,0.18299668375037684,0.20470304492010855,0.2261079288513717
5,0.19505577328911666,0.2221887247512813,0.24570394935182394
6,0.2071148628278565,0.23756406391317456,0.26409406089840215
7,0.21525474826650587,0.25384383479047334,0.2776605366294845
8,0.23032861018993067,0.2646970153753392,0.29062405788362977
9,0.2417847452517335,0.27856496834489,0.3047934880916491
10,0.25203497135966235,0.29424178474525176,0.31594814591498344
11,0.2613807657521857,0.30810973771480255,0.3268013264998493
12,0.27193246909858304,0.3183599638227314,0.3376545070847151
13,0.2836900813988544,0.3310220078384082,0.34669882423876996
14,0.29062405788362977,0.33946337051552605,0.3578534820621043
15,0.2972565571299367,0.3518239372927344,0.3656918902622852
16,0.3026831474223696,0.3656918902622852,0.37383177570093457
17,0.309617123907145,0.3768465480856195,0.37986132047030446
18,0.3171540548688574,0.3855893880012059,0.3880012059089539
19,0.3261983720229123,0.39764847753994575,0.3985529092553512
20,0.3316249623153452,0.4075972264094061,0.4063913174555321
21,0.3382574615616521,0.414229725655713,0.4151341573711185
22,0.34398552909255353,0.4208622249020199,0.4232740428097679
23,0.35001507386192343,0.42900211034066926,0.43231835996382273
24,0.35634609586976185,0.43684051854085015,0.43744347301778713
25,0.3635815495930057,0.44558335845643654,0.4443774495025626
26,0.36840518540850165,0.45100994874886946,0.45070847151040094
27,0.37443473017787154,0.45884835694905035,0.45764244799517634
28,0.381971661139584,0.46608381067229426,0.4636719927645463
29,0.3849864335242689,0.47120892372625867,0.47030449201085317
30,0.3910159782936388,0.47965028640337654,0.47814290021103406
31,0.3952366596321978,0.48567983117274643,0.485378353934278
32,0.4012662044015677,0.49231233041905337,0.4899005125113054
33,0.40970756707868555,0.4965330117576123,0.4977389207114863
34,0.41483268013265,0.5013566475731083,0.5046728971962616
35,0.4205607476635514,0.5052758516731987,0.5110039192041
36,0.4265902924329213,0.5116068736810371,0.516430509496533
37,0.4329213144407597,0.5185408501658125,0.5203497135966234
38,0.43804642749472417,0.5242689176967139,0.5266807356044618
39,0.4434730177871571,0.5290925535122099,0.5321073258968948
40,0.4485981308411215,0.5345191438046427,0.5393427796201387
41,0.45161290322580644,0.5396442568586072,0.5432619837202292
42,0.45764244799517634,0.5438649381971661,0.5480856195357251
43,0.46397347000301475,0.550497437443473,0.553512209828158
44,0.4681941513415737,0.5556225504974375,0.5568284594513114
45,0.47211335544166416,0.5619535725052759,0.5628580042206813
46,0.4751281278263491,0.5646668676514923,0.5661742538438348
47,0.47965028640337654,0.5703949351823937,0.5703949351823937
48,0.48296653602653,0.5737111848055472,0.5761230027132952
49,0.4874886946035574,0.5773289116671692,0.5797407295749171
50,0.49231233041905337,0.580946638528791,0.5836599336750076
51,0.49894482966536025,0.584564365390413,0.5866747060596925
52,0.5040699427193247,0.5896894784443775,0.5914983418751885
53,0.5070847151040097,0.5963219776906844,0.5963219776906844
54,0.512812782634911,0.6017485679831173,0.6029544769369912
55,0.5185408501658125,0.6062707265601447,0.6077781127524872
56,0.5236659632197769,0.6113958396141091,0.6107928851371721
57,0.5281881217968043,0.6159179981911366,0.6147120892372626
58,0.5315043714199578,0.6219475429605065,0.6207416340066325
59,0.5366294844739222,0.6264697015375339,0.6243593608682545
60,0.5426590292432921,0.6321977690684353,0.6315948145914984
61,0.5465782333433826,0.6367199276454628,0.6364184504069943
62,0.550497437443473,0.6433524268917696,0.6397347000301478
63,0.5532107325896894,0.6463671992764546,0.6445583358456437
64,0.55712993668978,0.650889357853482,0.6493819716611395
65,0.5601447090744649,0.6548085619535725,0.6523967440458246
66,0.5649683448899608,0.6587277660536629,0.656315948145915
67,0.5694905034669883,0.6638528791076274,0.6611395839614109
68,0.5752185709978896,0.6671691287307808,0.6647573108230329
69,0.5800422068133856,0.6713898100693397,0.6674706059692493
70,0.5830569791980705,0.6750075369309617,0.6728971962616822
71,0.5884835694905035,0.6795296955079891,0.6768164003617727
72,0.5914983418751885,0.6849562858004221,0.6819415134157372
73,0.5942116370214049,0.6876695809466385,0.6870666264697015
74,0.5996382273138378,0.6946035574314139,0.6906843533313235
75,0.6020500452215858,0.6988242387699729,0.6952065119083509
76,0.6077781127524872,0.7012360566777208,0.6994271932469098
77,0.6101899306602352,0.7060596924932168,0.7030449201085318
78,0.6156165209526681,0.7114862827856497,0.7054567380162797
79,0.620440156768164,0.7154054868857401,0.7090744648779017
80,0.623454929152849,0.719626168224299,0.7108833283087127
81,0.6279770877298764,0.723846849562858,0.7148025324088031
82,0.6346095869761833,0.7259571902321375,0.7193246909858305
83,0.6370214048839312,0.7292734398552909,0.72143503165511
84,0.6415435634609586,0.7343985529092554,0.7247512812782635
85,0.6457642447995177,0.7377148025324088,0.7277660536629484
86,0.6487790171842026,0.7398251432016882,0.7313837805245704
87,0.6542056074766355,0.7437443473017787,0.7337955984323183
88,0.6575218570997889,0.7479650286403376,0.7368103708170033
89,0.6596321977690685,0.7488694603557431,0.7395236659632197
90,0.6626469701537534,0.7539945734097075,0.7425384383479048
91,0.6659632197769069,0.757913777509798,0.7455532107325897
92,0.6710883328308712,0.7618329816098884,0.7494724148326801
93,0.6728971962616822,0.7645462767561049,0.7506783237865541
94,0.6771178776002412,0.7690684353331323,0.7548990051251131
95,0.6804341272233946,0.7720832077178174,0.7588182092252035
96,0.6852577630388905,0.7735905939101598,0.762737413325294
97,0.6888754899005125,0.7763038890563763,0.7663551401869159
98,0.6918902622851975,0.7802230931564667,0.7696713898100693
99,0.695809466385288,0.7844437744950257,0.7735905939101598
100,0.6991257160084413,0.7871570696412421,0.7766053662948448
101,0.7024419656315948,0.791980705456738,0.7811275248718722
102,0.7066626469701538,0.7940910461260174,0.7859511606873681
103,0.7090744648779017,0.7977087729876394,0.790171842025927
104,0.7145010551703347,0.8007235453723244,0.7922821826952066
105,0.7172143503165511,0.8016279770877299,0.7955984323183599
106,0.7202291227012361,0.8034368405185408,0.7986132047030449
107,0.723846849562858,0.8058486584262888,0.8001205908953875
108,0.7271630991860114,0.8079589990955682,0.8031353632800724
109,0.7292734398552909,0.8103708170033163,0.8061501356647574
110,0.7325896894784444,0.8124811576725958,0.8082604763340367
111,0.7359059391015979,0.8145914983418752,0.8097678625263792
112,0.7389207114862828,0.8164003617726862,0.8130841121495327
113,0.7416340066324992,0.8194151341573711,0.8160988845342176
114,0.7443473017787157,0.8227313837805246,0.8194151341573711
115,0.7476635514018691,0.826047633403678,0.8230328610189931
116,0.7503768465480857,0.8281579740729574,0.8269520651190835
117,0.753693096171239,0.830871269219174,0.8281579740729574
118,0.756707868555924,0.832680132649985,0.830871269219174
119,0.7594211637021405,0.8338860416038589,0.8323786554115165
120,0.7615315043714199,0.8378052457039493,0.8356949050346699
121,0.7657521857099789,0.8411214953271028,0.8378052457039493
122,0.7690684353331323,0.8438347904733192,0.8399155863732288
123,0.7705758215254749,0.8477539945734097,0.8414229725655713
124,0.7747965028640338,0.8492613807657522,0.8441362677117877
125,0.7778112752487187,0.8510702441965632,0.8462466083810672
126,0.7820319565872776,0.8543864938197167,0.8486584262888152
127,0.7847452517334941,0.8561953572505275,0.8501658124811576
128,0.787760024118179,0.8574012662044016,0.8525776303889057
129,0.7898703647874585,0.860114561350618,0.8540850165812481
130,0.791980705456738,0.8634308109737715,0.856496834488996
131,0.7946940006029545,0.864938197166114,0.8598130841121495
132,0.7977087729876394,0.866747060596925,0.861923424781429
133,0.8001205908953875,0.8694603557431414,0.8643352426891769
134,0.8037383177570093,0.8709677419354839,0.8661441061199879
135,0.8067530901416943,0.8733795598432318,0.868555924027736
136,0.8085619535725053,0.8751884232740428,0.8703647874585468
137,0.8121796804341272,0.8785046728971962,0.8733795598432318
138,0.8167018390111547,0.8803135363280072,0.8763943322279167
139,0.8191136569189026,0.8815194452818812,0.8791076273741333
140,0.8215254748266506,0.8833283087126922,0.8824238769972867
141,0.8221284293035875,0.8851371721435032,0.8839312631896292
142,0.8248417244498041,0.8884534217666566,0.8866445583358457
143,0.828459451311426,0.8893578534820621,0.8899608079589991
144,0.830871269219174,0.8917696713898101,0.8908652396744046
145,0.8332830871269219,0.8929755803436841,0.892372625866747
146,0.8372022912270124,0.893578534820621,0.8938800120590895
147,0.8387096774193549,0.894181489297558,0.895387398251432
148,0.8417244498040398,0.8950859210129635,0.897196261682243
149,0.8447392221887248,0.89779921615918,0.8984021706361169
150,0.8474525173349412,0.8993066023515225,0.8993066023515225
151,0.8495628580042207,0.9011154657823335,0.9011154657823335
152,0.8516731986735001,0.9038287609285499,0.9035272836900814
153,0.8543864938197167,0.9056376243593609,0.9053361471208924
154,0.8580042206813385,0.9065420560747663,0.9080494422671088
155,0.8598130841121495,0.9080494422671088,0.9101597829363883
156,0.863129333735303,0.9104612601748568,0.9107627374133253
157,0.8652396744045825,0.9131745553210733,0.9131745553210733
158,0.8670485378353934,0.9149834187518843,0.9149834187518843
159,0.8691588785046729,0.9170937594211637,0.9158878504672897
160,0.8715706964124209,0.9189026228519747,0.9173952366596322
161,0.8739825143201688,0.9198070545673802,0.9179981911365692
162,0.8779017184202593,0.9210129635212542,0.9192041000904432
163,0.8791076273741333,0.9219173952366596,0.9201085318058486
164,0.8815194452818812,0.9234247814290021,0.9228218269520652
165,0.8854386493819717,0.926439553813687,0.9237262586674706
166,0.8884534217666566,0.9291528489599036,0.9243292131444076
167,0.8899608079589991,0.9309617123907145,0.926439553813687
168,0.8920711486282785,0.93186614410612,0.9270425082906241
169,0.8956888754899005,0.9342779620138679,0.9288513717214351
170,0.89779921615918,0.9357853482062104,0.930660235152246
171,0.8999095568284594,0.9363883026831474,0.9324690985830569
172,0.9017184202592704,0.9388001205908953,0.9339764847753994
173,0.9038287609285499,0.9397045523063009,0.9357853482062104
174,0.9056376243593609,0.9421163702140488,0.9369912571600845
175,0.9080494422671088,0.9427193246909858,0.9388001205908953
176,0.9128730780826048,0.9448296653602652,0.9406089840217063
177,0.9149834187518843,0.9469400060295448,0.9430208019294544
178,0.9170937594211637,0.9475429605064818,0.9433222791679228
179,0.9182996683750377,0.9490503466988243,0.9457340970756708
180,0.9210129635212542,0.9499547784142297,0.9469400060295448
181,0.9231233041905336,0.9514621646065722,0.9484473922218872
182,0.9255351220982816,0.9535725052758517,0.9508592101296353
183,0.9279469400060295,0.9547784142297256,0.9520651190835092
184,0.9291528489599036,0.9562858004220681,0.9544769369912571
185,0.9303587579137775,0.9574917093759421,0.9562858004220681
186,0.933675007536931,0.960506481760627,0.9574917093759421
187,0.9342779620138679,0.9620138679529695,0.9593005728067531
188,0.936689779921616,0.962315345191438,0.960506481760627
189,0.9406089840217063,0.9632197769068436,0.960506481760627
190,0.9415134157371119,0.9638227313837805,0.9620138679529695
191,0.9430208019294544,0.9656315948145915,0.9632197769068436
192,0.9448296653602652,0.9674404582454025,0.9638227313837805
193,0.9472414832680133,0.9686463671992764,0.9650286403376545
194,0.9496533011757612,0.969550798914682,0.966536026529997
195,0.9514621646065722,0.9698522761531504,0.9683448899608079
196,0.9526680735604461,0.9704552306300874,0.9692493216762135
197,0.9538739825143202,0.9725655712993669,0.9701537533916189
198,0.9550798914681942,0.9734700030147724,0.9716611395839614
199,0.9571902321374737,0.9743744347301778,0.9740729574917094
200,0.9586976183298161,0.9767862526379258,0.9746759119686463
201,0.960506481760627,0.9794995477841423,0.9770877298763944
202,0.9626168224299065,0.9807054567380162,0.9785951160687368
203,0.9638227313837805,0.9813084112149533,0.9788965933072054
204,0.9656315948145915,0.9822128429303587,0.9798010250226108
205,0.967741935483871,0.9831172746457643,0.9807054567380162
206,0.9698522761531504,0.9840217063611697,0.9828157974072957
207,0.9722640940608984,0.9855290925535122,0.9834187518842328
208,0.9728670485378353,0.9864335242689177,0.9843231835996382
209,0.9749773892071149,0.9876394332227917,0.9852276153150437
210,0.9761832981609888,0.9882423876997287,0.9861320470304492
211,0.9782936388302683,0.9891468194151342,0.9879409104612602
212,0.9788965933072054,0.9897497738920712,0.9885438649381971
213,0.9807054567380162,0.9903527283690081,0.9897497738920712
214,0.9825143201688272,0.9915586373228821,0.9906542056074766
215,0.9843231835996382,0.9918601145613506,0.9918601145613506
216,0.9852276153150437,0.9918601145613506,0.9924630690382876
217,0.9861320470304492,0.9930660235152245,0.9927645462767561
218,0.9870364787458547,0.9957793186614411,0.9930660235152245
219,0.9885438649381971,0.9972867048537836,0.9939704552306301
220,0.9903527283690081,0.998191136569189,0.9948748869460355
221,0.9927645462767561,0.998191136569189,0.9948748869460355
222,0.9954778414229726,0.999397045523063,0.9966837503768465
223,0.996382273138378,0.999397045523063,0.9984926138076575
224,0.9978896593307205,0.9996985227615315,0.998794091046126
225,0.9984926138076575,1.0,0.9996985227615315
226,0.9990955682845946,1.0,0.9996985227615315
227,1.0,1.0,1.0
